nome_fii;liq diaria;ultimo rend;yield;patrim liquido;valor patrim;rent mes;p/vp
ABCP11;1.721;R$ 0,65;0,88%;R$ 1,1 bi;R$ 91,83;-0,60%;0,79
AFCR11;957;R$ 1,30;1,25%;R$ 154,9 mi;R$ 102,29;1,05%;1,01
AFHI11;28.440;R$ 1,35;1,36%;R$ 173,8 mi;R$ 97,24;-2,21%;1,10
AFOF11;1.863;R$ 0,60;1,28%;R$ 70,7 mi;R$ 102,32;-4,13%;0,87
AIEC11;1.639;R$ 0,72;0,90%;R$ 488,5 mi;R$ 101,24;-3,08%;0,79
ALMI11;51;R$ 0,00;0,00%;R$ 249,6 mi;R$ 2.245,37;2,27%;0,42
ALZR11;7.357;R$ 0,78;0,67%;R$ 642,3 mi;R$ 108,46;1,39%;1,06
ANCR11B;1;N/A;N/A;R$ 1,5 bi;R$ 3.411,21;N/A;1,03
APTO11;432;R$ 0,12;1,15%;R$ 39 mi;R$ 9,72;2,14%;1,04
AQLL11;1;R$ 0,00;0,00%;R$ 145,5 mi;R$ 1.481,39;0,00%;0,34
ARCT11;38.249;R$ 2,02;1,90%;R$ 288,4 mi;R$ 100,20;1,65%;1,05
ARFI11B;153;R$ 0,00;N/A;R$ 134,5 mi;R$ 1.179,65;0,00%;0,94
ARRI11;2.160;R$ 1,28;1,30%;R$ 106,1 mi;R$ 93,55;0,79%;1,02
ATCR11;N/A;R$ 0,14;N/A;R$ 88,5 mi;R$ 95,31;0,00%;N/A
ATSA11;3;R$ 0,25;0,18%;R$ 156,3 mi;R$ 89,23;0,92%;0,99
ATWN11;N/A;N/A;N/A;R$ 92,9 mi;R$ 577,78;N/A;N/A
BARI11;7.188;R$ 1,30;1,27%;R$ 474,3 mi;R$ 102,35;1,21%;0,99
BBFI11B;156;R$ 23,91;1,16%;R$ 370,8 mi;R$ 2.852,02;3,40%;0,67
BBFO11;3.343;R$ 0,83;1,05%;R$ 343,2 mi;R$ 85,71;2,58%;0,87
BBGO11;5.361;R$ 0,40;0,62%;R$ 394,4 mi;R$ 98,46;1,97%;0,87
BBIM11;N/A;R$ 0,25;0,00%;R$ 50,1 mi;R$ 48,44;0,00%;N/A
BBPO11;12.841;R$ 0,89;1,04%;R$ 1,5 bi;R$ 95,89;-2,97%;0,87
BBRC11;1.234;R$ 0,97;0,95%;R$ 171,8 mi;R$ 108,07;3,63%;0,90
BBVJ11;763;R$ 0,00;0,61%;R$ 155 mi;R$ 57,18;19,96%;1,10
BCFF11;39.138;R$ 0,54;0,81%;R$ 2 bi;R$ 78,27;-1,53%;0,84
BCIA11;2.470;R$ 0,74;0,83%;R$ 390,2 mi;R$ 104,91;4,82%;0,80
BCRI11;7.828;R$ 1,45;1,18%;R$ 665,5 mi;R$ 106,34;1,37%;1,02
BICE11;24;R$ 67,59;0,00%;R$ 10,4 mi;R$ 937,54;0,00%;1,07
BICR11;3;R$ 1,10;1,12%;R$ 49,7 mi;R$ 99,31;2,38%;0,99
BIME11;7.191;R$ 0,14;1,45%;R$ 55,6 mi;R$ 9,51;6,30%;1,03
BLCA11;2;R$ 0,20;0,51%;R$ 153,3 mi;R$ 95,81;1,55%;1,02
BLCP11;216;R$ 0,50;0,58%;R$ 225,9 mi;R$ 98,37;0,58%;0,88
BLMC11;16;R$ 1,20;1,25%;R$ 39,2 mi;R$ 98,16;-0,93%;0,97
BLMG11;6.128;R$ 0,80;0,94%;R$ 368,4 mi;R$ 96,69;0,56%;0,87
BLMO11;4;R$ 14,13;0,07%;R$ 111,2 mi;R$ 29.283,95;-4,14%;0,85
BLMR11;61.122;R$ 0,08;1,01%;R$ 214,1 mi;R$ 8,38;3,37%;0,88
BMII11;N/A;R$ 3,48;0,00%;R$ 69,6 mi;R$ 497,43;0,00%;N/A
BMLC11;5.190;R$ 0,74;0,81%;R$ 109,1 mi;R$ 109,25;1,43%;0,86
BMLC11B;136;R$ 0,58;0,61%;R$ 93,8 mi;R$ 93,97;0,79%;1,02
BNFS11;249;R$ 1,43;1,20%;R$ 69,4 mi;R$ 99,17;-0,07%;1,21
BPFF11;3.436;R$ 0,65;1,00%;R$ 351,5 mi;R$ 78,25;2,02%;0,83
BPML11;175;R$ 0,20;0,29%;R$ 576,7 mi;R$ 133,97;1,09%;0,50
BRCO11;12.145;R$ 0,63;0,62%;R$ 1,8 bi;R$ 118,94;4,73%;0,84
BRCR11;29.971;R$ 0,50;0,74%;R$ 2,8 bi;R$ 104,82;-3,45%;0,64
BREV11;2;R$ 0,56;0,59%;R$ 106,2 mi;R$ 109,85;0,27%;0,86
BRHT11B;N/A;R$ 0,00;N/A;R$ 147,4 mi;R$ 80,01;N/A;N/A
BRIP11;1;N/A;N/A;R$ 168,4 mi;R$ 982,71;N/A;1,23
BRLA11;20.300;R$ 0,97;0,73%;R$ 285,3 mi;R$ 159,29;2,10%;0,94
BROL11;N/A;N/A;N/A;N/A;N/A;N/A;N/A
BTAL11;5.161;R$ 0,83;0,85%;R$ 620,3 mi;R$ 103,68;-1,41%;0,94
BTCR11;11.350;R$ 1,28;1,33%;R$ 464,6 mi;R$ 96,59;0,58%;1,00
BTGM11;N/A;R$ 0,00;N/A;N/A;N/A;0,00%;N/A
BTLG11;32.378;R$ 0,72;0,71%;R$ 1,5 bi;R$ 98,82;-0,90%;1,04
BTRA11;7.897;R$ 0,94;0,92%;R$ 347,6 mi;R$ 103,32;0,69%;0,99
BTSG11;N/A;R$ 0,79;0,00%;R$ 103,3 mi;R$ 133,24;0,00%;N/A
BTWR11;282;R$ 0,50;0,41%;R$ 87,9 mi;R$ 108,64;-1,93%;0,97
BVAR11;N/A;R$ 5,50;0,00%;R$ 664 mi;R$ 1.061,41;0,00%;N/A
BZLI11;44.041;R$ 0,00;0,00%;R$ 431,1 mi;R$ 10,70;0,68%;1,37
CACR11;1.234;R$ 1,50;1,39%;R$ 156,2 mi;R$ 103,15;0,60%;1,03
CARE11;24.473;R$ 0,00;0,23%;R$ 291,7 mi;R$ 8,16;-2,41%;0,58
CBOP11;319;R$ 0,49;0,77%;R$ 126,4 mi;R$ 89,31;6,56%;0,70
CCRF11;9;R$ 0,79;1,26%;R$ 159,4 mi;R$ 101,38;2,33%;0,99
CEOC11;224;R$ 0,49;0,78%;R$ 164 mi;R$ 90,33;1,81%;0,69
CJCT11;1;R$ 0,00;0,61%;R$ 186 mi;R$ 64,82;19,96%;1,25
CNES11;16;R$ 0,09;0,27%;R$ 255,3 mi;R$ 86,57;5,98%;0,40
CORM11;43;R$ 1,31;0,88%;R$ 94,3 mi;R$ 92,71;-2,08%;0,98
CPFF11;8.002;R$ 0,60;0,85%;R$ 421,2 mi;R$ 77,28;-0,31%;0,90
CPTS11;73.246;R$ 1,08;1,15%;R$ 2,6 bi;R$ 93,39;-0,48%;1,00
CRFF11;3;R$ 0,57;0,87%;R$ 60,2 mi;R$ 87,24;-1,54%;0,75
CTXT11;97;R$ 0,09;0,39%;R$ 118,3 mi;R$ 40,76;-2,20%;0,52
CVBI11;17.315;R$ 1,50;1,48%;R$ 1 bi;R$ 99,83;-0,67%;1,02
CXAG11;1.781;R$ 0,75;0,96%;R$ 214,3 mi;R$ 102,48;1,62%;0,75
CXCE11B;580;R$ 0,34;0,89%;R$ 111 mi;R$ 64,83;-4,24%;0,60
CXCI11;251;R$ 0,75;0,80%;R$ 201 mi;R$ 97,68;0,80%;0,80
CXCO11;2.069;R$ 0,73;0,94%;R$ 376,3 mi;R$ 95,89;1,59%;0,80
CXRI11;983;R$ 0,53;0,83%;R$ 134,5 mi;R$ 85,36;-1,07%;0,74
CXTL11;1;R$ 0,48;0,16%;R$ 37,1 mi;R$ 691,32;-5,97%;0,41
CYCR11;161;R$ 1,35;1,36%;R$ 61,4 mi;R$ 96,12;0,56%;1,08
DEVA11;29.303;R$ 1,40;1,43%;R$ 1,4 bi;R$ 97,25;-1,18%;1,01
DMAC11;2.543;R$ 2,96;36,32%;R$ 778.257,9;R$ 4,99;4,85%;2,61
DOMC11;42;R$ 0,00;0,00%;R$ 271 mi;R$ 110,90;4,35%;3,96
DOVL11B;44;R$ 0,00;N/A;R$ 81,3 mi;R$ 1.223,62;N/A;0,76
DRIT11B;4;R$ 0,33;0,28%;R$ 58,1 mi;R$ 125,45;6,07%;0,64
DVFF11;713;R$ 0,70;1,07%;R$ 101,4 mi;R$ 92,13;-3,09%;0,77
EDFO11B;30;R$ 1,49;0,73%;R$ 45,3 mi;R$ 191,85;-1,14%;1,06
EDGA11;1.891;R$ 0,14;0,71%;R$ 252,4 mi;R$ 66,20;1,12%;0,29
EGYR11;4.022;N/A;N/A;R$ 93,5 mi;R$ 12,47;N/A;0,14
ELDO11B;N/A;R$ 0,52;0,00%;R$ 1,1 bi;R$ 1.342,97;0,00%;N/A
EQIA11;3.703;R$ 0,45;N/A;R$ 38,6 mi;R$ 96,02;N/A;0,98
EQIN11;7.984;R$ 1,33;1,41%;R$ 138,4 mi;R$ 95,28;1,65%;0,98
EQIR11;107;R$ 1,04;1,10%;R$ 51,2 mi;R$ 101,97;1,27%;0,98
ERCR11;1;R$ 2,96;0,00%;R$ 167,1 mi;R$ 70.317,64;0,00%;1,08
ERPA11;1;R$ 0,23;0,24%;R$ 57,8 mi;R$ 115,40;0,24%;1,10
EURO11;565;R$ 1,70;0,81%;R$ 120 mi;R$ 312,61;4,97%;0,75
EVBI11;6;R$ 0,75;0,79%;R$ 138,3 mi;R$ 98,95;4,36%;1,00
FAED11;1.142;R$ 1,48;1,02%;R$ 138,8 mi;R$ 216,18;8,40%;0,67
FAMB11B;23;R$ 9,16;0,56%;R$ 325,3 mi;R$ 3.104,43;-47,51%;0,27
FATN11;330;R$ 0,80;0,81%;R$ 99,2 mi;R$ 100,72;5,89%;1,01
FCAS11;N/A;R$ 1,50;0,00%;R$ 80,7 mi;R$ 60,79;0,00%;N/A
FCFL11;566;R$ 0,82;0,68%;R$ 364 mi;R$ 104,78;3,88%;1,14
FEXC11;8.552;R$ 1,10;1,20%;R$ 571,7 mi;R$ 93,67;1,55%;0,96
FFCI11;14.342;R$ 0,72;0,42%;R$ 373,2 mi;R$ 171,97;-0,33%;1,06
FIGS11;2.984;R$ 0,37;0,72%;R$ 283,4 mi;R$ 99,45;-5,15%;0,51
FIIB11;971;R$ 3,30;0,75%;R$ 312,9 mi;R$ 456,73;-0,92%;0,95
FIIP11B;990;R$ 1,28;0,80%;R$ 185,9 mi;R$ 200,48;-2,08%;0,76
FINF11;N/A;R$ 0,00;0,00%;R$ 42,9 mi;R$ 52,29;0,00%;N/A
FISC11;200;R$ 0,22;0,00%;R$ 259 mi;R$ 152,33;0,00%;1,08
FIVN11;1.482;R$ 0,00;0,00%;R$ 65,7 mi;R$ 6,98;0,00%;0,31
FLCR11;1.644;R$ 1,02;1,62%;R$ 64 mi;R$ 101,00;0,46%;0,97
FLMA11;936;R$ 0,83;0,70%;R$ 216,7 mi;R$ 156,92;-0,53%;0,74
FLRP11;1;R$ 9,50;0,73%;R$ 112,2 mi;R$ 1.720,21;6,51%;0,74
FMOF11;257;R$ 0,03;0,25%;R$ 62,4 mi;R$ 122,85;22,40%;0,51
FOFT11;5.663;R$ 1,90;1,54%;R$ 125,6 mi;R$ 104,98;12,26%;1,17
FPAB11;31;R$ 1,63;0,73%;R$ 307,5 mi;R$ 410,01;1,19%;0,52
FPNG11;2;R$ 0,88;0,00%;R$ 172,6 mi;R$ 168,84;0,00%;0,50
FVBI11;3.042;R$ 30,00;18,78%;R$ 0;R$ 0,00;18,78%;Inf
FVPQ11;154;R$ 0,70;0,59%;R$ 555,3 mi;R$ 198,31;1,70%;0,59
GALG11;13.628;R$ 0,82;0,86%;R$ 587,6 mi;R$ 102,22;0,28%;0,93
GAME11;2.940;R$ 0,14;1,38%;R$ 203,5 mi;R$ 9,88;-0,39%;1,01
GCFF11;1.024;R$ 0,75;1,03%;R$ 30,1 mi;R$ 88,89;-3,13%;0,81
GCRA11;1.366;R$ 1,05;1,48%;R$ 71,2 mi;R$ 98,59;3,39%;1,05
GCRI11;3.835;R$ 1,00;1,51%;R$ 98,4 mi;R$ 98,35;2,01%;1,01
GESE11B;300;R$ 13,66;0,00%;R$ 86,5 mi;R$ 1.664,33;0,00%;0,91
GGRC11;9.731;R$ 0,90;0,82%;R$ 1 bi;R$ 130,53;2,87%;0,83
GLPL11;N/A;N/A;N/A;N/A;N/A;N/A;N/A
GRLV11;54.618;R$ 0,17;0,00%;R$ 6,4 mi;R$ 5,97;0,00%;24,38
GSFI11;8.713;R$ 0,00;0,03%;R$ 997,6 mi;R$ 13,27;0,03%;0,33
GTLG11;1;R$ 0,67;0,70%;R$ 686,1 mi;R$ 95,65;0,70%;1,05
GTWR11;11.316;R$ 0,74;0,98%;R$ 1,2 bi;R$ 98,59;-6,23%;0,73
HAAA11;1;R$ 0,54;0,57%;R$ 322,8 mi;R$ 93,42;-1,16%;1,02
HABT11;18.287;R$ 1,25;1,20%;R$ 732,6 mi;R$ 98,70;-0,74%;1,04
HBRH11;413;R$ 0,67;0,85%;R$ 313,8 mi;R$ 113,19;-0,44%;0,75
HBTT11;3;R$ 16,58;1,57%;R$ 159,7 mi;R$ 886,32;1,91%;1,19
HCHG11;531;R$ 0,88;1,06%;R$ 123,6 mi;R$ 102,99;-5,66%;0,80
HCRI11;299;R$ 2,49;0,88%;R$ 51,8 mi;R$ 259,05;-17,35%;0,98
HCST11;1;N/A;N/A;R$ 31 mi;R$ 101,08;N/A;0,94
HCTR11;68.871;R$ 1,75;1,65%;R$ 2,6 bi;R$ 119,76;-9,74%;0,94
HFOF11;18.780;R$ 0,60;0,79%;R$ 1,9 bi;R$ 84,66;2,03%;0,86
HGBS11;5.433;R$ 1,20;0,67%;R$ 2,2 bi;R$ 216,22;0,06%;0,83
HGCR11;18.540;R$ 1,10;1,04%;R$ 1,5 bi;R$ 102,52;1,00%;1,03
HGFF11;5.060;R$ 0,62;0,82%;R$ 256,5 mi;R$ 89,58;5,53%;0,81
HGIC11;3;R$ 0,99;0,90%;R$ 31,2 mi;R$ 112,20;2,33%;0,99
HGLG11;29.107;R$ 1,10;0,67%;R$ 3,2 bi;R$ 148,59;1,11%;1,11
HGPO11;4.710;R$ 1,35;0,52%;R$ 470,1 mi;R$ 268,19;1,00%;0,96
HGRE11;13.271;R$ 0,78;0,61%;R$ 1,9 bi;R$ 164,64;4,49%;0,79
HGRS11;N/A;R$ 0,00;0,00%;R$ 107,9 mi;R$ 90,32;0,00%;N/A
HGRU11;23.532;R$ 0,82;0,71%;R$ 2,2 bi;R$ 118,84;3,95%;0,99
HLOG11;1.168;R$ 0,65;0,71%;R$ 475,9 mi;R$ 111,98;2,38%;0,77
HMOC11;115;R$ 23,80;10,49%;R$ 91,2 mi;R$ 238,79;10,49%;0,95
HOSI11;124;R$ 0,36;0,49%;R$ 52,6 mi;R$ 91,75;3,25%;0,75
HPDP11;93;R$ 0,45;0,55%;R$ 275,7 mi;R$ 94,78;3,04%;0,87
HRDF11;338;R$ 6,80;N/A;R$ 9,7 mi;R$ 1,28;N/A;0,94
HREC11;110;R$ 1,00;1,04%;R$ 431,6 mi;R$ 92,68;0,46%;1,04
HSAF11;5.512;R$ 1,25;1,21%;R$ 168,4 mi;R$ 94,95;0,86%;0,99
HSLG11;3.817;R$ 0,65;0,71%;R$ 1,4 bi;R$ 110,82;1,18%;0,78
HSML11;30.292;R$ 0,60;0,74%;R$ 1,5 bi;R$ 93,76;1,07%;0,85
HSRE11;11;R$ 0,56;0,56%;R$ 827,1 mi;R$ 97,10;0,56%;1,02
HTMX11;1.187;R$ 0,00;0,00%;R$ 161,9 mi;R$ 128,76;-28,14%;0,60
HUSC11;34;R$ 0,88;0,96%;R$ 113,6 mi;R$ 142,96;-6,38%;0,66
HUSI11;7.000;N/A;N/A;R$ 113 mi;R$ 979,14;N/A;1,00
IBCR11;1.847;R$ 1,00;1,24%;R$ 78,9 mi;R$ 98,26;1,88%;0,96
IBFF11;1.710;R$ 0,50;0,85%;R$ 48,4 mi;R$ 72,54;0,55%;0,86
IDFI11;18;R$ 0,64;1,32%;R$ 180,2 mi;R$ 87,57;-2,72%;0,99
IFID11;350;R$ 1,00;1,20%;R$ 66,9 mi;R$ 89,43;6,20%;0,90
IFIE11;1.082;R$ 0,55;0,75%;R$ 74,9 mi;R$ 83,22;1,38%;0,86
IRDM11;46.730;R$ 1,26;1,19%;R$ 3,2 bi;R$ 96,92;-3,82%;1,08
IRIM11;9.721;R$ 1,18;1,37%;R$ 130,5 mi;R$ 100,39;-1,06%;1,03
ITIP11;798;R$ 1,02;1,23%;R$ 65,4 mi;R$ 87,37;3,23%;0,98
ITIT11;1.077;R$ 0,56;0,79%;R$ 72 mi;R$ 79,95;-1,70%;0,89
JFLL11;2.212;R$ 0,62;0,78%;R$ 150,4 mi;R$ 100,26;8,03%;0,71
JGPX11;2.590;R$ 1,04;1,25%;R$ 81,4 mi;R$ 95,98;3,50%;1,03
JPPA11;3.135;R$ 1,80;1,74%;R$ 64,6 mi;R$ 106,88;5,73%;0,97
JRDM11;224;R$ 0,05;0,62%;R$ 220,5 mi;R$ 87,42;3,16%;0,88
JSAF11;1.224;R$ 0,93;1,09%;R$ 153,8 mi;R$ 97,76;3,39%;0,85
JSRE11;29.301;R$ 0,49;0,63%;R$ 2,4 bi;R$ 113,67;6,79%;0,68
KEVE11;1;R$ 5,48;N/A;R$ 143,8 mi;R$ 973,89;N/A;0,96
KFOF11;2.185;R$ 0,68;0,85%;R$ 432,9 mi;R$ 95,49;5,46%;0,83
KINP11;11.216;R$ 0,29;2,90%;R$ 48,6 mi;R$ 6,80;2,90%;1,88
KISU11;145.026;R$ 0,08;0,85%;R$ 399,7 mi;R$ 9,04;0,59%;0,83
KNCA11;15.809;R$ 1,09;1,04%;R$ 512 mi;R$ 100,39;3,44%;1,08
KNCR11;95.444;R$ 0,97;0,95%;R$ 4 bi;R$ 101,11;0,73%;1,00
KNHY11;25.587;R$ 1,55;1,50%;R$ 1,8 bi;R$ 98,10;1,30%;1,07
KNIP11;122.675;R$ 1,70;1,66%;R$ 6,9 bi;R$ 97,66;2,15%;1,06
KNRE11;591;R$ 0,04;0,00%;R$ 23,1 mi;R$ 1,24;0,00%;0,72
KNRI11;29.311;R$ 0,84;0,61%;R$ 3,8 bi;R$ 157,16;0,54%;0,84
KNSC11;42.851;R$ 1,14;1,20%;R$ 1,2 bi;R$ 89,97;-1,09%;1,04
LASC11;210;R$ 0,61;0,71%;R$ 283,6 mi;R$ 112,62;0,14%;0,80
LFTT11;201;R$ 2,41;N/A;R$ 431,6 mi;R$ 59,74;N/A;1,88
LGCP11;844;R$ 0,60;0,76%;R$ 279 mi;R$ 102,08;1,51%;0,76
LUGG11;342;R$ 0,58;0,72%;R$ 112,5 mi;R$ 125,02;1,40%;0,65
LVBI11;12.034;R$ 0,74;0,74%;R$ 1,4 bi;R$ 114,69;-0,25%;0,88
MALL11;13.096;R$ 0,72;0,71%;R$ 819,2 mi;R$ 108,35;2,44%;0,93
MATV11;270;R$ 0,28;1,14%;R$ 33,3 mi;R$ 95,77;0,00%;0,98
MAXR11;2.188;R$ 0,80;1,01%;R$ 135,4 mi;R$ 120,30;-3,12%;0,68
MBRF11;30;R$ 10,00;1,42%;R$ 113,7 mi;R$ 1.118,56;-1,05%;0,63
MCCI11;28.483;R$ 1,00;1,00%;R$ 1,2 bi;R$ 97,52;0,53%;1,00
MCFF11;N/A;N/A;N/A;N/A;N/A;N/A;N/A
MCHF11;199.250;R$ 0,10;1,11%;R$ 315,9 mi;R$ 9,78;-0,59%;0,98
MCHY11;172.404;R$ 1,40;1,35%;R$ 375,7 mi;R$ 104,67;-0,45%;1,05
MFAI11;189;R$ 0,44;0,53%;R$ 23,4 mi;R$ 77,15;11,96%;0,94
MFII11;4.676;R$ 1,11;1,07%;R$ 434,3 mi;R$ 104,73;0,99%;0,95
MFVI11;N/A;N/A;N/A;R$ 132,2 mi;R$ 1,69;N/A;N/A
MGCR11;857;R$ 1,15;1,31%;R$ 135,2 mi;R$ 95,06;3,96%;0,91
MGFF11;10.433;R$ 0,65;1,04%;R$ 688,9 mi;R$ 76,12;-0,08%;0,81
MGHT11;594;R$ 0,80;1,01%;R$ 129,8 mi;R$ 98,78;-3,35%;0,70
MGLG11;1.229;R$ 0,60;1,17%;R$ 55,6 mi;R$ 48,16;0,45%;1,00
MINT11;110;N/A;N/A;R$ 61,8 mi;R$ 118,85;N/A;0,93
MOFF11;N/A;N/A;N/A;R$ 173,4 mi;R$ 860,30;N/A;N/A
MORC11;2.014;R$ 1,00;1,47%;R$ 78,4 mi;R$ 100,56;1,03%;0,99
MORE11;11.380;R$ 0,70;1,03%;R$ 203 mi;R$ 87,51;-4,41%;0,78
MTOF11;;;;;;;
MXRF11;453.510;R$ 0,11;1,11%;R$ 2,3 bi;R$ 10,19;10,07%;0,97
NAVT11;415;R$ 0,85;1,16%;R$ 95 mi;R$ 90,11;-1,49%;0,83
NCHB11;3.706;R$ 1,47;0,00%;R$ 138,4 mi;R$ 95,28;0,00%;1,02
NEWL11;236;R$ 0,80;0,80%;R$ 236,7 mi;R$ 116,45;-1,07%;0,81
NEWU11;96;R$ 0,00;0,00%;R$ 48,1 mi;R$ 64,89;-4,04%;0,59
NSLU11;1.884;R$ 1,54;0,76%;R$ 238 mi;R$ 207,92;0,76%;0,69
NVHO11;167;R$ 0,08;0,67%;R$ 527,3 mi;R$ 12,71;2,35%;0,90
NVIF11B;N/A;R$ 0,44;0,00%;R$ 85,6 mi;R$ 253,60;0,00%;N/A
ONEF11;74;R$ 0,92;0,59%;R$ 159,2 mi;R$ 174,77;1,97%;0,90
ORPD11;1;R$ 1,38;N/A;R$ 43,8 mi;R$ 151,06;N/A;0,66
OUFF11;3.079;R$ 0,72;1,11%;R$ 144,5 mi;R$ 79,63;-2,95%;0,83
OUJP11;4.519;R$ 1,30;1,36%;R$ 331 mi;R$ 101,78;6,55%;0,94
OULG11;2.035;R$ 0,17;0,38%;R$ 182,3 mi;R$ 73,46;3,48%;0,60
OURE11;1.254;R$ 0,95;1,19%;R$ 99,8 mi;R$ 92,61;-2,00%;0,83
PABY11;217;R$ 0,00;0,00%;R$ -9,5 mi;R$ -12,59;-19,84%;-0,60
PATC11;2.383;R$ 0,32;0,47%;R$ 302,8 mi;R$ 87,07;-0,99%;0,78
PATL11;10.687;R$ 0,58;0,75%;R$ 489,3 mi;R$ 98,03;2,68%;0,78
PLCR11;6.928;R$ 1,10;1,26%;R$ 195,2 mi;R$ 92,56;1,76%;0,95
PLOG11;1.753;R$ 0,75;1,01%;R$ 75,2 mi;R$ 100,21;5,20%;0,71
PLRI11;392;R$ 0,22;0,52%;R$ 37,2 mi;R$ 39,00;-4,35%;0,96
PORD11;11.835;R$ 1,52;1,49%;R$ 369,9 mi;R$ 99,20;2,02%;0,97
PQAG11;22;R$ 0,40;0,67%;R$ 797 mi;R$ 56,96;6,90%;1,00
PQDP11;66;R$ 15,01;0,74%;R$ 800,5 mi;R$ 3.356,58;1,48%;0,59
PRSV11;22;R$ 1,62;0,42%;R$ 47 mi;R$ 241,28;5,74%;0,46
PRTS11;N/A;R$ 0,05;N/A;R$ 3,1 mi;R$ 0,06;N/A;N/A
PVBI11;18.207;R$ 0,56;0,59%;R$ 995,3 mi;R$ 99,14;4,38%;0,96
QAGR11;8.840;R$ 0,39;0,82%;R$ 300,8 mi;R$ 59,69;-1,78%;0,79
QAMI11;1.568;R$ 1,24;1,29%;R$ 73,1 mi;R$ 91,16;2,65%;1,03
QIFF11;27;R$ 0,55;0,55%;R$ 14,3 mi;R$ 95,11;-1,86%;1,02
QIRI11;3;R$ 0,69;0,83%;R$ 13,3 mi;R$ 88,47;6,65%;0,80
QMFF11;1.011;R$ 0,75;0,00%;R$ 14,3 mi;R$ 95,11;0,00%;1,04
RBBV11;6.417;R$ 4,98;0,00%;R$ 126,5 mi;R$ 100,84;0,00%;0,99
RBCB11;161;R$ 0,00;0,00%;R$ 0;R$ 0,00;-71,35%;Inf
RBCO11;2.072;R$ 0,35;0,83%;R$ 321,5 mi;R$ 85,08;-12,72%;0,43
RBDS11;225;R$ 2,35;0,00%;R$ 3,2 mi;R$ 24,95;0,00%;0,13
RBED11;1.695;R$ 1,14;0,93%;R$ 286,5 mi;R$ 141,73;0,42%;0,85
RBFF11;9.213;R$ 0,50;0,91%;R$ 245,6 mi;R$ 65,50;4,73%;0,77
RBGS11;5.157;R$ 0,18;0,62%;R$ 97,9 mi;R$ 90,78;-1,29%;0,31
RBHG11;1.642;R$ 1,30;1,26%;R$ 166,7 mi;R$ 96,47;5,36%;0,94
RBHY11;294;R$ 1,45;1,29%;R$ 154,9 mi;R$ 97,91;1,64%;1,01
RBIR11;23;R$ 0,00;0,00%;R$ 147,1 mi;R$ 96,22;0,00%;0,71
RBIV11;885;R$ 0,75;0,88%;R$ 166,5 mi;R$ 96,35;-1,31%;0,87
RBLG11;2;R$ 0,80;0,92%;R$ 66,9 mi;R$ 104,50;-1,58%;0,83
RBRD11;2.501;R$ 0,30;0,66%;R$ 131,2 mi;R$ 70,83;-6,72%;0,64
RBRF11;18.649;R$ 0,60;0,84%;R$ 1,1 bi;R$ 84,02;-3,53%;0,84
RBRI11;5;R$ 35,62;N/A;R$ 142 mi;R$ 1.268,47;N/A;0,83
RBRL11;1.992;R$ 0,65;0,74%;R$ 712,5 mi;R$ 106,54;2,73%;0,81
RBRP11;16.592;R$ 0,45;0,72%;R$ 1 bi;R$ 82,44;-2,38%;0,75
RBRR11;26.149;R$ 1,20;1,16%;R$ 1 bi;R$ 98,73;1,90%;1,03
RBRS11;38;R$ 0,44;0,70%;R$ 138,5 mi;R$ 92,07;5,46%;0,66
RBRY11;3.939;R$ 1,25;1,19%;R$ 351,1 mi;R$ 103,35;0,11%;1,01
RBTS11;1;R$ 23,36;N/A;R$ 66,4 mi;R$ 1.174,56;N/A;0,85
RBVA11;19.221;R$ 0,92;0,93%;R$ 1,2 bi;R$ 102,98;1,55%;0,91
RBVO11;154;R$ 0,01;0,32%;R$ 12,1 mi;R$ 23,41;0,00%;0,54
RCFA11;114;N/A;N/A;R$ 13 mi;R$ 22,25;N/A;0,21
RCFF11;9;R$ 0,83;N/A;R$ 30,5 mi;R$ 94,44;N/A;1,04
RCRB11;3.854;R$ 0,60;0,48%;R$ 719,4 mi;R$ 194,91;-6,13%;0,64
RDES11;10.296;R$ 0,04;0,06%;R$ 65,9 mi;R$ 88,83;0,06%;0,65
RDPD11;683;R$ 0,56;1,48%;R$ 64,5 mi;R$ 59,86;4,98%;0,92
RECH11;N/A;N/A;N/A;N/A;N/A;N/A;N/A
RECR11;45.705;R$ 1,50;1,50%;R$ 2,3 bi;R$ 95,30;-0,37%;1,06
RECT11;12.467;R$ 0,50;0,80%;R$ 791,9 mi;R$ 96,82;-4,69%;0,60
RECX11;184;R$ 0,70;0,88%;R$ 18,9 mi;R$ 86,62;-13,35%;0,91
RELG11;2.886;R$ 0,90;1,21%;R$ 161,6 mi;R$ 121,05;0,87%;0,61
RFOF11;2.122;R$ 0,67;0,94%;R$ 91,3 mi;R$ 84,68;-0,18%;0,83
RMAI11;491;R$ 0,26;0,77%;R$ 264,2 mi;R$ 108,10;-4,95%;0,31
RNDP11;8;R$ 3,74;1,12%;R$ 51 mi;R$ 474,44;-4,65%;0,80
RNGO11;2.041;R$ 0,39;0,78%;R$ 234,5 mi;R$ 87,62;5,43%;0,56
RRCI11;1.388;R$ 1,40;1,41%;R$ 47,3 mi;R$ 98,10;5,47%;0,92
RSPD11;3;R$ 13,25;N/A;R$ 164,8 mi;R$ 1.106,26;N/A;1,02
RVBI11;2.266;R$ 0,75;0,97%;R$ 126 mi;R$ 87,50;-2,28%;0,87
RZAG11;210.328;R$ 0,12;1,17%;R$ 289,4 mi;R$ 9,54;3,70%;1,05
RZAK11;7.078;R$ 1,80;1,83%;R$ 282,8 mi;R$ 94,22;1,80%;1,04
RZTR11;29.597;R$ 1,25;1,20%;R$ 1,1 bi;R$ 98,20;3,27%;1,05
SAAG11;12.868;R$ 0,93;0,80%;R$ 627,9 mi;R$ 111,50;-9,20%;0,96
SADI11;35.747;R$ 0,90;0,98%;R$ 320,5 mi;R$ 100,77;2,93%;0,91
SAIC11B;37;R$ 0,73;0,00%;R$ 79,8 mi;R$ 55,80;0,00%;0,64
SARE11;15.807;R$ 0,62;0,81%;R$ 913 mi;R$ 98,87;9,31%;0,75
SCPF11;182;R$ 0,01;0,16%;R$ 52,4 mi;R$ 12,47;-3,53%;0,47
SDIL11;11.740;R$ 0,76;0,84%;R$ 643,2 mi;R$ 100,58;0,68%;0,91
SDIP11;7.755;R$ 0,49;0,54%;R$ 349,1 mi;R$ 96,42;1,68%;0,91
SEQR11;5.744;R$ 0,63;0,97%;R$ 154,7 mi;R$ 96,18;-5,18%;0,66
SFND11;N/A;R$ 0,77;0,00%;R$ 9,6 mi;R$ 9,77;0,00%;N/A
SHDP11B;100;R$ 5,63;0,00%;R$ 2 bi;R$ 1.373,37;0,00%;0,88
SHOP11;N/A;N/A;N/A;R$ 71,9 mi;R$ 48,51;N/A;N/A
SHPH11;8;R$ 2,20;0,41%;R$ 540,4 mi;R$ 887,40;0,06%;0,86
SJAU11;1;N/A;N/A;R$ 814,1 mi;R$ 102,63;N/A;1,09
SNCI11;17.843;R$ 1,45;1,40%;R$ 252,1 mi;R$ 100,85;-2,93%;1,02
SNFF11;6.662;R$ 0,65;0,78%;R$ 228,3 mi;R$ 91,31;-6,06%;0,91
SPTW11;4.357;R$ 0,40;0,90%;R$ 95,1 mi;R$ 52,87;0,07%;0,83
SPVJ11;N/A;R$ 0,63;0,00%;R$ 679,3 mi;R$ 107,62;0,00%;N/A
SRVD11;104;R$ 0,20;1,01%;R$ 94,8 mi;R$ 0,98;1,01%;7,12
STRX11;N/A;R$ 0,71;0,00%;R$ 226,9 mi;R$ 140,61;0,00%;N/A
TBOF11;13.109;R$ 0,41;0,40%;R$ 2,2 mi;R$ 0,21;4,25%;473,34
TCIN11;1.500;N/A;N/A;R$ 90 mi;R$ 108,24;N/A;1,03
TELD11;N/A;N/A;N/A;R$ 9,7 mi;R$ 98,24;N/A;N/A
TEPP11;3.967;R$ 0,49;0,70%;R$ 382,1 mi;R$ 90,51;5,14%;0,75
TGAR11;19.147;R$ 1,44;1,20%;R$ 1,4 bi;R$ 128,00;6,56%;0,92
THRA11;477;R$ 0,13;0,00%;R$ 14,1 mi;R$ 9,54;0,00%;14,52
TORD11;54.119;R$ 0,12;1,29%;R$ 466,4 mi;R$ 13,31;2,29%;0,69
TRNT11;13;R$ 0,45;0,42%;R$ 796,8 mi;R$ 202,46;-1,43%;0,59
TRXF11;27.159;R$ 0,85;0,80%;R$ 715,3 mi;R$ 98,74;1,09%;1,00
TRXL11;9.524;R$ 0,40;0,38%;R$ 183,2 mi;R$ 98,10;-1,60%;1,05
UBSR11;17.369;R$ 0,70;0,70%;R$ 666,9 mi;R$ 97,27;-0,69%;1,05
URPR11;46.599;R$ 1,84;1,72%;R$ 549,5 mi;R$ 99,58;-6,89%;1,12
VCJR11;13.796;R$ 1,49;1,51%;R$ 1,4 bi;R$ 94,71;2,63%;1,03
VCRR11;1.716;R$ 0,67;0,87%;R$ 239,4 mi;R$ 119,71;9,93%;0,62
VERE11;1;R$ 1,36;0,00%;R$ 185,8 mi;R$ 337,78;0,00%;0,76
VGHF11;1.023.478;R$ 0,13;1,28%;R$ 611,9 mi;R$ 9,40;-0,10%;1,04
VGIA11;88.773;R$ 0,15;1,39%;R$ 95,7 mi;R$ 9,51;1,49%;1,18
VGIP11;21.774;R$ 1,50;1,51%;R$ 869,5 mi;R$ 93,56;0,28%;1,06
VGIR11;21.069;R$ 1,20;1,20%;R$ 731,4 mi;R$ 96,61;-0,14%;1,02
VIFI11;20.574;R$ 0,06;0,83%;R$ 73 mi;R$ 0,90;1,97%;7,81
VILG11;21.569;R$ 0,70;0,69%;R$ 1,7 bi;R$ 113,61;3,51%;0,87
VINO11;29.878;R$ 0,34;0,66%;R$ 904,5 mi;R$ 54,60;8,28%;0,87
VISC11;17.288;R$ 0,70;0,68%;R$ 2 bi;R$ 115,65;5,77%;0,88
VIUR11;28.727;R$ 0,07;1,02%;R$ 258,2 mi;R$ 95,84;4,12%;0,08
VJFD11;N/A;R$ 1,03;0,00%;R$ 650,8 mi;R$ 133,47;0,00%;N/A
VLOL11;203;R$ 0,62;0,63%;R$ 184,8 mi;R$ 103,54;2,73%;0,93
VOTS11;8;R$ 1,40;1,44%;R$ 81 mi;R$ 97,79;10,42%;0,96
VPSI11;N/A;R$ 0,09;0,00%;R$ 149,4 mi;R$ 18,51;0,00%;N/A
VRTA11;25.609;R$ 1,20;1,17%;R$ 1,3 bi;R$ 96,64;-0,65%;1,03
VSHO11;57;R$ 0,69;0,76%;R$ 214,9 mi;R$ 102,38;1,38%;0,78
VSLH11;92.223;R$ 0,11;1,18%;R$ 303,2 mi;R$ 10,15;-1,25%;0,90
VTLT11;601;R$ 0,83;0,90%;R$ 218,9 mi;R$ 103,48;-2,57%;0,87
VTPL11;N/A;N/A;N/A;R$ 106,3 mi;R$ 76,69;N/A;N/A
VVPR11;10.198;R$ 0,77;0,82%;R$ 238,4 mi;R$ 103,41;1,68%;0,94
VXXV11;2.269;R$ 10,76;N/A;R$ 144,7 mi;R$ 818,70;N/A;1,04
WPLZ11;80;R$ 0,15;0,40%;R$ 105 mi;R$ 102,84;1,77%;0,64
WTSP11B;9;R$ 0,32;0,76%;R$ 79 mi;R$ 79,58;0,76%;0,49
XPCA11;69.373;R$ 0,05;1,35%;R$ 134,5 mi;R$ 9,54;6,80%;1,05
XPCI11;25.050;R$ 1,18;1,22%;R$ 670,5 mi;R$ 97,34;2,45%;0,97
XPCM11;4.588;R$ 0,18;1,03%;R$ 129,9 mi;R$ 53,78;3,45%;0,31
XPHT11;10;R$ 0,05;0,10%;R$ 357,9 mi;R$ 94,06;0,10%;1,11
XPIN11;8.010;R$ 0,61;0,78%;R$ 784,3 mi;R$ 109,68;-6,89%;0,70
XPLG11;30.942;R$ 0,66;0,67%;R$ 3,1 bi;R$ 113,25;1,24%;0,84
XPML11;25.409;R$ 0,68;0,70%;R$ 1,9 bi;R$ 101,32;-1,97%;0,98
XPPR11;11.246;R$ 0,45;0,77%;R$ 574,2 mi;R$ 78,49;4,74%;0,69
XPSF11;182.572;R$ 0,68;0,93%;R$ 378,8 mi;R$ 8,75;5,88%;0,81
XTED11;427;R$ 0,00;0,00%;R$ 27,3 mi;R$ 13,89;1,10%;0,43
YCHY11;65;R$ 19,41;1,94%;R$ 23,1 mi;R$ 989,04;-6,48%;1,01
YUFI11B;N/A;R$ 0,79;0,00%;R$ 41,2 mi;R$ 104,32;0,00%;N/A
